GEOID,total_vap_est_male_acs5_23,total_vap_est_female_acs5_23,white_vap_est_male_acs5_23,white_vap_est_female_acs5_23,black_vap_est_male_acs5_23,black_vap_est_female_acs5_23,amin_vap_est_male_acs5_23,amin_vap_est_female_acs5_23,asian_vap_est_male_acs5_23,asian_vap_est_female_acs5_23,nhpi_vap_est_male_acs5_23,nhpi_vap_est_female_acs5_23,other_vap_est_male_acs5_23,other_vap_est_female_acs5_23,two_or_more_races_vap_est_male_acs5_23,two_or_more_races_vap_est_female_acs5_23,non_hispanic_white_vap_est_male_acs5_23,non_hispanic_white_vap_est_female_acs5_23,hispanic_vap_est_male_acs5_23,hispanic_vap_est_female_acs5_23
13001,6935.0,6957.0,4936.0,5161.0,1249.0,1169.0,79.0,19.0,55.0,32.0,0.0,0.0,263.0,273.0,353.0,303.0,4827.0,5045.0,633.0,505.0
13003,3062.0,3100.0,1990.0,2091.0,467.0,562.0,0.0,0.0,0.0,0.0,0.0,0.0,303.0,260.0,302.0,187.0,1738.0,1835.0,829.0,638.0
13005,4040.0,4260.0,3078.0,3393.0,536.0,561.0,7.0,0.0,51.0,17.0,0.0,0.0,163.0,71.0,205.0,218.0,3040.0,3355.0,320.0,189.0
13007,1015.0,1293.0,597.0,624.0,316.0,489.0,20.0,0.0,4.0,151.0,0.0,0.0,19.0,0.0,59.0,29.0,592.0,621.0,44.0,29.0
13009,17887.0,17508.0,9940.0,9588.0,7046.0,7065.0,20.0,7.0,182.0,335.0,81.0,0.0,208.0,139.0,410.0,374.0,9811.0,9445.0,473.0,434.0
13011,7432.0,7308.0,6544.0,6469.0,212.0,75.0,10.0,6.0,68.0,171.0,0.0,0.0,215.0,203.0,383.0,384.0,6515.0,6439.0,446.0,425.0
13013,31666.0,33220.0,22611.0,23662.0,4099.0,4526.0,148.0,181.0,1312.0,1259.0,0.0,0.0,1231.0,1436.0,2265.0,2156.0,21396.0,22549.0,4149.0,3951.0
13015,41678.0,43256.0,33041.0,34663.0,4468.0,4873.0,100.0,66.0,278.0,430.0,21.0,55.0,1255.0,981.0,2515.0,2188.0,31698.0,33245.0,3960.0,3381.0
13017,5936.0,6973.0,3694.0,4087.0,2012.0,2675.0,26.0,18.0,17.0,45.0,0.0,0.0,60.0,70.0,127.0,78.0,3549.0,3833.0,292.0,353.0
13019,6818.0,7092.0,5745.0,5873.0,667.0,813.0,0.0,0.0,47.0,53.0,0.0,6.0,135.0,55.0,224.0,292.0,5558.0,5794.0,387.0,272.0
13021,54289.0,63967.0,22751.0,24163.0,27154.0,34376.0,62.0,97.0,1265.0,1475.0,56.0,46.0,1446.0,1231.0,1555.0,2579.0,21880.0,23749.0,2374.0,2004.0
13023,4728.0,5209.0,3350.0,3646.0,1056.0,1426.0,0.0,21.0,47.0,31.0,0.0,0.0,81.0,73.0,194.0,12.0,3285.0,3606.0,229.0,125.0
13025,6930.0,7176.0,6353.0,6599.0,157.0,378.0,0.0,0.0,40.0,43.0,0.0,0.0,128.0,7.0,252.0,149.0,6262.0,6570.0,240.0,45.0
13027,6057.0,6776.0,3859.0,3889.0,1845.0,2370.0,3.0,6.0,6.0,115.0,13.0,0.0,73.0,198.0,258.0,198.0,3683.0,3751.0,263.0,431.0
13029,16053.0,16972.0,11931.0,12243.0,2274.0,2373.0,32.0,36.0,305.0,469.0,0.0,17.0,647.0,649.0,864.0,1185.0,11695.0,12015.0,1197.0,1211.0
13031,31489.0,33478.0,21204.0,21208.0,7998.0,9615.0,176.0,98.0,410.0,562.0,10.0,20.0,440.0,441.0,1251.0,1534.0,20933.0,20907.0,1494.0,1282.0
13033,8656.0,9704.0,4651.0,4902.0,3531.0,4492.0,24.0,0.0,41.0,86.0,0.0,0.0,145.0,55.0,264.0,169.0,4531.0,4732.0,323.0,231.0
13035,11198.0,9526.0,6940.0,6705.0,3409.0,2387.0,5.0,8.0,0.0,3.0,0.0,0.0,161.0,67.0,683.0,356.0,6850.0,6672.0,367.0,297.0
13037,2975.0,1684.0,1022.0,612.0,1740.0,1022.0,0.0,0.0,5.0,6.0,0.0,0.0,73.0,3.0,135.0,41.0,980.0,603.0,169.0,29.0
13039,21984.0,20571.0,16263.0,14625.0,3819.0,3898.0,67.0,10.0,239.0,462.0,14.0,51.0,146.0,370.0,1436.0,1155.0,15900.0,14232.0,1452.0,1348.0
13043,4028.0,4190.0,2553.0,2705.0,848.0,989.0,103.0,35.0,7.0,59.0,0.0,0.0,298.0,189.0,219.0,213.0,2470.0,2705.0,576.0,306.0
13045,44643.0,48420.0,32440.0,34574.0,8209.0,10117.0,373.0,213.0,407.0,429.0,0.0,0.0,1179.0,1078.0,2035.0,2009.0,31668.0,33591.0,3444.0,3105.0
13047,25502.0,27555.0,22926.0,25026.0,799.0,543.0,29.0,84.0,360.0,424.0,37.0,0.0,256.0,278.0,1095.0,1200.0,22742.0,24837.0,860.0,892.0
13049,6089.0,4120.0,3211.0,2553.0,1874.0,816.0,52.0,23.0,27.0,65.0,0.0,0.0,63.0,136.0,862.0,527.0,3039.0,2553.0,891.0,581.0
13051,111567.0,124166.0,57666.0,62361.0,39403.0,48921.0,365.0,178.0,3540.0,3885.0,139.0,203.0,4088.0,3373.0,6366.0,5245.0,55820.0,59954.0,8449.0,7949.0
13053,5209.0,2213.0,3121.0,1281.0,1001.0,453.0,103.0,1.0,216.0,87.0,18.0,14.0,241.0,172.0,509.0,205.0,2823.0,1165.0,1014.0,374.0
13055,10006.0,9587.0,7815.0,8250.0,1490.0,702.0,66.0,105.0,18.0,1.0,0.0,0.0,162.0,170.0,455.0,359.0,7766.0,8214.0,455.0,368.0
13057,103042.0,107560.0,82046.0,85788.0,7016.0,7554.0,1359.0,653.0,2206.0,2780.0,33.0,51.0,3632.0,3508.0,6750.0,7226.0,78964.0,83174.0,11704.0,10634.0
13059,50150.0,57181.0,31752.0,34311.0,10810.0,15036.0,307.0,70.0,2193.0,2570.0,0.0,0.0,1375.0,1599.0,3713.0,3595.0,30302.0,32981.0,5126.0,4848.0
13061,1061.0,1231.0,538.0,429.0,518.0,787.0,0.0,0.0,0.0,0.0,0.0,0.0,0.0,0.0,5.0,15.0,534.0,429.0,4.0,0.0
13063,99205.0,118077.0,13372.0,13630.0,67167.0,85177.0,223.0,304.0,5452.0,6180.0,94.0,100.0,6143.0,6106.0,6754.0,6580.0,9974.0,10825.0,13645.0,12513.0
13065,2451.0,2592.0,1731.0,1743.0,297.0,741.0,106.0,26.0,5.0,9.0,0.0,0.0,172.0,3.0,140.0,70.0,1656.0,1743.0,352.0,7.0
13067,285449.0,307621.0,154296.0,159219.0,72433.0,87542.0,1538.0,1168.0,15609.0,17374.0,135.0,131.0,19499.0,17819.0,21939.0,24368.0,147385.0,153456.0,38480.0,36050.0
13069,16745.0,15794.0,10184.0,10059.0,4857.0,4232.0,92.0,24.0,82.0,178.0,0.0,0.0,302.0,215.0,1228.0,1086.0,9498.0,9660.0,2008.0,1527.0
13071,16732.0,17350.0,9994.0,10894.0,3575.0,4030.0,254.0,67.0,160.0,88.0,0.0,0.0,2027.0,1417.0,722.0,854.0,9450.0,10500.0,3303.0,2455.0
13073,57796.0,61812.0,40495.0,42288.0,10377.0,11797.0,55.0,169.0,2376.0,3216.0,0.0,5.0,1687.0,1692.0,2806.0,2645.0,38498.0,40532.0,4234.0,4118.0
13075,6144.0,6819.0,4143.0,4470.0,1665.0,1897.0,27.0,14.0,0.0,35.0,0.0,0.0,119.0,25.0,190.0,378.0,4086.0,4319.0,316.0,397.0
13077,55458.0,59480.0,41059.0,42550.0,9440.0,11467.0,258.0,305.0,1226.0,1341.0,0.0,0.0,981.0,1279.0,2494.0,2538.0,39306.0,41235.0,4198.0,4081.0
13079,4917.0,4733.0,3604.0,3535.0,1047.0,1095.0,12.0,21.0,0.0,0.0,0.0,0.0,156.0,26.0,98.0,56.0,3570.0,3499.0,242.0,63.0
13081,7273.0,8053.0,4228.0,4138.0,2802.0,3569.0,5.0,0.0,102.0,83.0,0.0,0.0,25.0,16.0,111.0,247.0,3932.0,4138.0,346.0,129.0
13083,6500.0,6518.0,5883.0,6190.0,175.0,59.0,2.0,0.0,63.0,80.0,0.0,0.0,15.0,5.0,362.0,184.0,5862.0,6164.0,253.0,70.0
13085,11514.0,11437.0,10261.0,10471.0,183.0,156.0,15.0,0.0,122.0,101.0,0.0,0.0,183.0,79.0,750.0,630.0,10091.0,10311.0,690.0,596.0
13087,10471.0,11557.0,5558.0,5926.0,4100.0,4822.0,49.0,36.0,111.0,97.0,0.0,0.0,309.0,366.0,344.0,310.0,5517.0,5836.0,614.0,663.0
13089,272490.0,314276.0,90939.0,97008.0,134989.0,167824.0,1833.0,1938.0,17547.0,19329.0,154.0,171.0,9231.0,8941.0,17797.0,19065.0,86145.0,92304.0,25390.0,23684.0
13091,8555.0,7569.0,5584.0,5166.0,2693.0,2210.0,25.0,35.0,0.0,3.0,0.0,0.0,154.0,17.0,99.0,138.0,5391.0,5122.0,395.0,96.0
13093,5299.0,3974.0,2263.0,1769.0,2441.0,1933.0,25.0,19.0,0.0,0.0,0.0,0.0,298.0,52.0,272.0,201.0,2233.0,1745.0,439.0,139.0
13095,28193.0,35445.0,7982.0,8859.0,18703.0,25094.0,110.0,29.0,255.0,337.0,0.0,0.0,522.0,422.0,621.0,704.0,7777.0,8770.0,913.0,686.0
13097,50673.0,58072.0,20229.0,22323.0,23862.0,29028.0,192.0,138.0,843.0,1169.0,18.0,0.0,2519.0,2083.0,3010.0,3331.0,18810.0,20536.0,5352.0,5388.0
13099,3665.0,4401.0,1798.0,1991.0,1663.0,2296.0,0.0,6.0,0.0,31.0,0.0,0.0,67.0,33.0,137.0,44.0,1798.0,1991.0,114.0,58.0
13101,1279.0,1392.0,835.0,1015.0,90.0,62.0,6.0,0.0,36.0,49.0,0.0,0.0,126.0,91.0,186.0,175.0,737.0,927.0,345.0,307.0
13103,24148.0,25206.0,19053.0,19465.0,3405.0,3755.0,31.0,66.0,158.0,281.0,0.0,84.0,345.0,504.0,1156.0,1051.0,18389.0,18919.0,1316.0,1295.0
13105,7196.0,8193.0,4909.0,5366.0,1663.0,2164.0,99.0,39.0,118.0,84.0,0.0,0.0,67.0,87.0,340.0,453.0,4815.0,5254.0,282.0,391.0
13107,8629.0,8582.0,5203.0,5361.0,2694.0,2669.0,35.0,18.0,75.0,63.0,0.0,0.0,165.0,91.0,457.0,380.0,5118.0,5308.0,383.0,255.0
13109,3755.0,4230.0,2200.0,2493.0,1003.0,1175.0,33.0,0.0,14.0,58.0,0.0,0.0,180.0,207.0,325.0,297.0,2196.0,2493.0,341.0,391.0
13111,10524.0,11015.0,9802.0,10383.0,124.0,31.0,13.0,25.0,56.0,30.0,0.0,0.0,101.0,166.0,428.0,380.0,9752.0,10279.0,282.0,245.0
13113,44497.0,48684.0,27440.0,29345.0,10858.0,12679.0,38.0,121.0,2069.0,2310.0,20.0,99.0,1799.0,1369.0,2273.0,2761.0,26573.0,28530.0,3243.0,3491.0
13115,36704.0,39687.0,27421.0,30359.0,4471.0,5448.0,201.0,115.0,497.0,654.0,89.0,13.0,1498.0,1345.0,2527.0,1753.0,26281.0,29407.0,4221.0,3328.0
13117,95188.0,96687.0,64776.0,67266.0,3751.0,4028.0,510.0,247.0,16115.0,15795.0,0.0,0.0,2731.0,2519.0,7305.0,6832.0,62871.0,65096.0,8998.0,8548.0
13119,9080.0,9472.0,7658.0,8094.0,676.0,834.0,16.0,15.0,138.0,135.0,0.0,0.0,130.0,138.0,462.0,256.0,7568.0,7983.0,446.0,318.0
13121,405196.0,437709.0,178550.0,172656.0,156553.0,197497.0,864.0,889.0,33444.0,32167.0,177.0,122.0,11904.0,11273.0,23704.0,23105.0,170470.0,165145.0,31345.0,28900.0
13123,13097.0,12935.0,11507.0,11855.0,119.0,76.0,167.0,76.0,17.0,109.0,0.0,0.0,510.0,266.0,777.0,553.0,11319.0,11568.0,1362.0,957.0
13125,1036.0,1251.0,978.0,1023.0,54.0,209.0,0.0,0.0,0.0,0.0,0.0,0.0,0.0,0.0,4.0,19.0,978.0,1023.0,0.0,14.0
13127,30835.0,36243.0,21068.0,24366.0,7063.0,8981.0,80.0,86.0,332.0,452.0,64.0,0.0,984.0,679.0,1244.0,1679.0,20505.0,23660.0,2049.0,1998.0
13129,21855.0,22859.0,17891.0,19348.0,992.0,851.0,545.0,203.0,243.0,268.0,68.0,37.0,1024.0,808.0,1092.0,1344.0,16991.0,18323.0,3301.0,2922.0
13131,9318.0,10287.0,5947.0,6555.0,2626.0,3121.0,45.0,17.0,8.0,11.0,0.0,0.0,437.0,287.0,255.0,296.0,5705.0,6172.0,897.0,935.0
13133,7710.0,8414.0,5088.0,5194.0,2054.0,2528.0,28.0,73.0,125.0,67.0,0.0,0.0,203.0,192.0,212.0,360.0,4990.0,5172.0,360.0,503.0
13135,344904.0,366846.0,135796.0,138090.0,92084.0,108144.0,1345.0,1443.0,46652.0,51139.0,306.0,462.0,35411.0,32977.0,33310.0,34591.0,121598.0,126104.0,76479.0,71497.0
13137,17198.0,19463.0,14147.0,15777.0,432.0,1002.0,54.0,79.0,409.0,407.0,7.0,0.0,876.0,790.0,1273.0,1408.0,13619.0,15451.0,2462.0,2076.0
13139,78125.0,79907.0,54505.0,57365.0,5428.0,6041.0,305.0,210.0,1480.0,2036.0,5.0,10.0,5866.0,5232.0,10536.0,9013.0,49069.0,51980.0,20267.0,18046.0
13141,4173.0,3154.0,1208.0,862.0,2803.0,2270.0,19.0,0.0,30.0,17.0,0.0,0.0,36.0,0.0,77.0,5.0,1208.0,862.0,55.0,0.0
13143,11426.0,11971.0,10348.0,10944.0,491.0,539.0,7.0,3.0,52.0,80.0,0.0,0.0,154.0,12.0,374.0,393.0,10269.0,10853.0,200.0,237.0
13145,13941.0,13931.0,10740.0,10639.0,2384.0,2267.0,9.0,8.0,36.0,160.0,0.0,0.0,324.0,377.0,448.0,480.0,10529.0,10479.0,559.0,560.0
13147,10267.0,10749.0,7895.0,8252.0,1869.0,1593.0,37.0,42.0,99.0,137.0,0.0,0.0,95.0,104.0,272.0,621.0,7803.0,8188.0,340.0,322.0
13149,4378.0,4533.0,3783.0,3922.0,384.0,338.0,0.0,4.0,46.0,42.0,2.0,0.0,6.0,21.0,157.0,206.0,3773.0,3866.0,59.0,97.0
13151,85240.0,98228.0,34941.0,36429.0,40058.0,51088.0,82.0,217.0,2810.0,3339.0,22.0,19.0,1526.0,1762.0,5801.0,5374.0,32815.0,34749.0,6316.0,6449.0
13153,59266.0,64857.0,35093.0,36018.0,17833.0,21139.0,224.0,264.0,1647.0,2430.0,0.0,257.0,977.0,668.0,3492.0,4081.0,33778.0,34910.0,4047.0,3876.0
13155,3669.0,3607.0,2573.0,2546.0,868.0,841.0,0.0,0.0,0.0,17.0,0.0,0.0,150.0,155.0,78.0,48.0,2484.0,2517.0,253.0,184.0
13157,29615.0,30655.0,24008.0,24940.0,2400.0,2261.0,48.0,47.0,633.0,678.0,10.0,24.0,710.0,1056.0,1806.0,1649.0,23337.0,24197.0,2659.0,2557.0
13159,5670.0,6077.0,4316.0,4503.0,945.0,1143.0,2.0,0.0,0.0,35.0,0.0,0.0,193.0,219.0,214.0,177.0,4316.0,4503.0,226.0,241.0
13161,5360.0,5585.0,3938.0,4090.0,737.0,763.0,33.0,58.0,11.0,6.0,43.0,13.0,138.0,71.0,460.0,584.0,3861.0,4076.0,640.0,528.0
13163,5766.0,6190.0,2648.0,2628.0,2749.0,3316.0,34.0,25.0,18.0,32.0,0.0,0.0,216.0,118.0,101.0,71.0,2582.0,2580.0,317.0,115.0
13165,3800.0,3262.0,2199.0,1929.0,1408.0,1213.0,2.0,0.0,0.0,2.0,0.0,0.0,30.0,0.0,161.0,118.0,2173.0,1900.0,130.0,143.0
13167,4448.0,3088.0,2724.0,2068.0,1528.0,932.0,0.0,0.0,0.0,0.0,0.0,0.0,44.0,0.0,152.0,88.0,2675.0,2060.0,102.0,61.0
13169,10506.0,11502.0,7498.0,8085.0,2661.0,3087.0,6.0,6.0,30.0,53.0,0.0,0.0,62.0,107.0,249.0,164.0,7433.0,8003.0,178.0,173.0
13171,7065.0,7899.0,4901.0,5198.0,1938.0,2268.0,0.0,6.0,48.0,48.0,0.0,0.0,12.0,17.0,166.0,362.0,4841.0,5194.0,72.0,83.0
13173,3944.0,3850.0,2707.0,2573.0,961.0,860.0,9.0,0.0,39.0,65.0,0.0,0.0,97.0,199.0,131.0,153.0,2630.0,2573.0,261.0,283.0
13175,17225.0,20063.0,10705.0,11693.0,5779.0,7538.0,33.0,1.0,204.0,238.0,0.0,32.0,370.0,360.0,134.0,201.0,10599.0,11588.0,449.0,471.0
13177,12270.0,12440.0,8374.0,8653.0,2845.0,2910.0,0.0,0.0,354.0,328.0,0.0,37.0,181.0,67.0,516.0,445.0,8282.0,8642.0,430.0,284.0
13179,25013.0,23319.0,10683.0,9302.0,10453.0,10407.0,83.0,131.0,418.0,524.0,30.0,141.0,864.0,762.0,2482.0,2052.0,10257.0,8760.0,2876.0,2614.0
13181,3057.0,3240.0,2207.0,2187.0,754.0,968.0,0.0,0.0,8.0,0.0,0.0,0.0,13.0,14.0,75.0,71.0,2183.0,2179.0,44.0,20.0
13183,6275.0,6380.0,3621.0,3743.0,1696.0,1562.0,25.0,0.0,0.0,27.0,11.0,39.0,463.0,502.0,459.0,507.0,3548.0,3601.0,679.0,767.0
13185,42683.0,47090.0,24371.0,25366.0,14589.0,17434.0,178.0,136.0,711.0,1097.0,34.0,105.0,896.0,882.0,1904.0,2070.0,23661.0,24695.0,2674.0,2507.0
13187,13697.0,14425.0,12719.0,12978.0,175.0,351.0,48.0,61.0,36.0,218.0,0.0,19.0,149.0,187.0,570.0,611.0,12531.0,12872.0,651.0,719.0
13189,7487.0,8776.0,4414.0,5005.0,2709.0,3501.0,0.0,0.0,80.0,9.0,0.0,0.0,82.0,90.0,202.0,171.0,4326.0,4892.0,206.0,237.0
13191,4556.0,4933.0,3010.0,3105.0,1383.0,1500.0,5.0,10.0,6.0,8.0,0.0,0.0,0.0,0.0,152.0,310.0,2964.0,3097.0,120.0,132.0
13193,5487.0,4218.0,1796.0,1574.0,3324.0,2456.0,9.0,12.0,78.0,58.0,0.0,0.0,148.0,47.0,132.0,71.0,1794.0,1493.0,167.0,147.0
13195,11448.0,12242.0,9386.0,10073.0,995.0,1096.0,3.0,42.0,161.0,232.0,0.0,0.0,456.0,214.0,447.0,585.0,9277.0,9928.0,576.0,636.0
13197,2909.0,3048.0,1817.0,1809.0,793.0,911.0,26.0,14.0,0.0,40.0,0.0,0.0,137.0,169.0,136.0,105.0,1782.0,1778.0,191.0,199.0
13199,7683.0,8591.0,4708.0,5023.0,2689.0,3277.0,16.0,0.0,10.0,52.0,0.0,10.0,19.0,52.0,241.0,177.0,4653.0,4969.0,192.0,129.0
13201,2110.0,2421.0,1528.0,1587.0,461.0,681.0,10.0,23.0,10.0,21.0,6.0,17.0,0.0,10.0,95.0,82.0,1528.0,1587.0,50.0,65.0
13205,8398.0,8140.0,4043.0,4064.0,3882.0,3847.0,11.0,37.0,0.0,4.0,0.0,0.0,330.0,117.0,132.0,71.0,3930.0,3997.0,503.0,179.0
13207,11419.0,11433.0,8349.0,8459.0,2602.0,2492.0,50.0,24.0,89.0,123.0,0.0,0.0,68.0,92.0,261.0,243.0,8235.0,8375.0,313.0,229.0
13209,3526.0,3372.0,2347.0,2334.0,852.0,828.0,14.0,0.0,18.0,18.0,0.0,0.0,125.0,121.0,170.0,71.0,2306.0,2275.0,222.0,194.0
13211,7700.0,8305.0,5828.0,6151.0,1488.0,1777.0,0.0,0.0,45.0,60.0,0.0,0.0,45.0,94.0,294.0,223.0,5801.0,6130.0,259.0,206.0
13213,15211.0,15452.0,13216.0,13952.0,180.0,54.0,86.0,54.0,108.0,27.0,131.0,0.0,636.0,549.0,854.0,816.0,12358.0,13151.0,2100.0,1919.0
13215,72258.0,80998.0,31064.0,32952.0,32246.0,38891.0,138.0,148.0,1578.0,2473.0,55.0,182.0,2791.0,2236.0,4386.0,4116.0,29723.0,31702.0,5704.0,5277.0
13217,39432.0,46529.0,18232.0,19696.0,17992.0,22331.0,0.0,89.0,610.0,671.0,0.0,0.0,727.0,899.0,1871.0,2843.0,17805.0,19178.0,2299.0,2393.0
13219,15350.0,16225.0,13086.0,13658.0,647.0,506.0,43.0,116.0,585.0,755.0,0.0,345.0,218.0,142.0,771.0,703.0,12909.0,13585.0,805.0,765.0
13221,5875.0,6060.0,4481.0,4673.0,832.0,1011.0,0.0,20.0,32.0,45.0,10.0,0.0,224.0,151.0,296.0,160.0,4422.0,4585.0,306.0,332.0
13223,62531.0,66961.0,43056.0,44530.0,13275.0,15351.0,280.0,171.0,672.0,1044.0,80.0,0.0,1522.0,1363.0,3646.0,4502.0,41679.0,43146.0,4765.0,4813.0
13225,10594.0,11656.0,5144.0,5586.0,4399.0,5372.0,42.0,55.0,53.0,82.0,29.0,20.0,476.0,216.0,451.0,325.0,4887.0,5285.0,982.0,788.0
13227,13540.0,14153.0,12725.0,13215.0,56.0,74.0,22.0,16.0,90.0,68.0,22.0,0.0,83.0,115.0,542.0,665.0,12617.0,13055.0,322.0,575.0
13229,7613.0,7434.0,6468.0,6423.0,698.0,726.0,33.0,17.0,0.0,0.0,0.0,0.0,30.0,5.0,384.0,263.0,6289.0,6392.0,501.0,119.0
13231,7184.0,7761.0,6378.0,6786.0,633.0,743.0,0.0,5.0,31.0,83.0,0.0,0.0,69.0,50.0,73.0,94.0,6286.0,6676.0,137.0,137.0
13233,15766.0,16605.0,12136.0,13002.0,1641.0,2055.0,104.0,80.0,192.0,252.0,0.0,0.0,688.0,515.0,1005.0,701.0,11497.0,12544.0,2045.0,1462.0
13235,3139.0,4943.0,2174.0,2760.0,702.0,1909.0,7.0,0.0,36.0,53.0,0.0,0.0,28.0,25.0,192.0,196.0,2150.0,2733.0,187.0,197.0
13237,8690.0,9417.0,6192.0,6435.0,1996.0,2325.0,0.0,0.0,79.0,63.0,22.0,9.0,94.0,217.0,307.0,368.0,6033.0,6300.0,487.0,478.0
13239,1036.0,854.0,443.0,457.0,587.0,367.0,0.0,0.0,0.0,0.0,0.0,0.0,0.0,0.0,6.0,30.0,437.0,452.0,6.0,19.0
13241,6916.0,7401.0,6261.0,6636.0,79.0,77.0,0.0,10.0,10.0,126.0,0.0,0.0,262.0,113.0,304.0,439.0,6202.0,6570.0,517.0,509.0
13243,2104.0,2493.0,659.0,716.0,1382.0,1716.0,0.0,0.0,9.0,0.0,0.0,0.0,28.0,11.0,26.0,50.0,653.0,713.0,54.0,15.0
13245,75051.0,83534.0,29174.0,27879.0,39175.0,47698.0,133.0,100.0,1165.0,1676.0,147.0,161.0,2022.0,1936.0,3235.0,4084.0,27938.0,26866.0,4178.0,3815.0
13247,32926.0,38787.0,10586.0,11369.0,17989.0,22805.0,117.0,73.0,625.0,757.0,0.0,0.0,1173.0,1353.0,2436.0,2430.0,9764.0,10771.0,3120.0,2971.0
13249,1556.0,1897.0,1192.0,1482.0,304.0,321.0,0.0,0.0,0.0,0.0,0.0,0.0,0.0,17.0,60.0,77.0,1188.0,1468.0,35.0,57.0
13251,5319.0,5794.0,3106.0,3256.0,2069.0,2270.0,3.0,0.0,0.0,0.0,0.0,0.0,4.0,0.0,137.0,268.0,3088.0,3227.0,59.0,142.0
13253,3407.0,3884.0,2340.0,2467.0,1010.0,1317.0,0.0,7.0,21.0,17.0,0.0,0.0,0.0,8.0,36.0,68.0,2286.0,2411.0,77.0,99.0
13255,24329.0,27930.0,15006.0,16191.0,7666.0,9955.0,83.0,30.0,239.0,241.0,0.0,14.0,408.0,378.0,927.0,1121.0,14676.0,15689.0,1313.0,1167.0
13257,10012.0,10892.0,8283.0,9136.0,1090.0,1205.0,19.0,9.0,92.0,120.0,0.0,0.0,204.0,209.0,324.0,213.0,8249.0,9090.0,299.0,302.0
13259,2973.0,1414.0,702.0,544.0,1729.0,850.0,18.0,0.0,85.0,0.0,0.0,0.0,345.0,0.0,94.0,20.0,569.0,534.0,492.0,11.0
13261,10442.0,12163.0,4761.0,5061.0,4801.0,6109.0,20.0,34.0,235.0,158.0,48.0,0.0,119.0,97.0,458.0,704.0,4574.0,4912.0,543.0,541.0
13263,2280.0,2534.0,1048.0,1010.0,1141.0,1422.0,2.0,0.0,0.0,0.0,0.0,0.0,2.0,33.0,87.0,69.0,1048.0,997.0,0.0,48.0
13265,640.0,786.0,259.0,307.0,327.0,369.0,0.0,0.0,0.0,1.0,0.0,4.0,44.0,42.0,10.0,63.0,251.0,307.0,30.0,17.0
13267,11307.0,8015.0,6030.0,5452.0,3838.0,1715.0,28.0,23.0,47.0,16.0,0.0,0.0,820.0,584.0,544.0,225.0,5940.0,5400.0,1000.0,688.0
13269,2895.0,3335.0,1827.0,1943.0,978.0,1363.0,0.0,6.0,54.0,0.0,0.0,0.0,5.0,0.0,31.0,23.0,1813.0,1943.0,20.0,3.0
13271,5293.0,4103.0,2537.0,2503.0,2266.0,1426.0,9.0,2.0,19.0,0.0,0.0,0.0,348.0,0.0,114.0,172.0,2456.0,2369.0,588.0,302.0
13273,3308.0,3597.0,1393.0,1336.0,1772.0,2194.0,0.0,0.0,31.0,6.0,0.0,1.0,65.0,46.0,47.0,14.0,1393.0,1336.0,98.0,47.0
13275,16093.0,18710.0,10088.0,10989.0,5269.0,6824.0,26.0,95.0,68.0,232.0,16.0,0.0,208.0,113.0,418.0,457.0,9831.0,10858.0,583.0,476.0
13277,14636.0,16311.0,8856.0,9890.0,4015.0,4839.0,81.0,121.0,110.0,209.0,1.0,0.0,649.0,284.0,924.0,968.0,8400.0,9383.0,1814.0,1412.0
13279,9051.0,10768.0,6169.0,6952.0,1773.0,2623.0,42.0,63.0,50.0,146.0,0.0,0.0,420.0,309.0,597.0,675.0,5653.0,6603.0,1047.0,902.0
13281,5426.0,5718.0,4897.0,5505.0,147.0,66.0,21.0,11.0,3.0,2.0,5.0,0.0,50.0,4.0,303.0,130.0,4887.0,5456.0,174.0,159.0
13283,2480.0,2422.0,1635.0,1644.0,714.0,677.0,3.0,2.0,0.0,0.0,0.0,0.0,2.0,0.0,126.0,99.0,1612.0,1644.0,39.0,0.0
13285,24521.0,28146.0,14760.0,15902.0,8014.0,10298.0,21.0,43.0,656.0,702.0,5.0,0.0,686.0,496.0,379.0,705.0,14325.0,15668.0,1142.0,779.0
13287,3080.0,3566.0,1851.0,2056.0,1037.0,1317.0,0.0,13.0,0.0,0.0,0.0,0.0,115.0,88.0,77.0,92.0,1795.0,2028.0,168.0,106.0
13289,3131.0,3244.0,1820.0,1790.0,1203.0,1273.0,20.0,7.0,12.0,28.0,0.0,0.0,24.0,41.0,52.0,105.0,1804.0,1769.0,40.0,21.0
13291,10622.0,11056.0,9914.0,10483.0,172.0,52.0,40.0,9.0,0.0,39.0,0.0,0.0,117.0,144.0,379.0,329.0,9829.0,10416.0,339.0,347.0
13293,9972.0,11458.0,7137.0,7693.0,2384.0,3264.0,11.0,5.0,3.0,84.0,6.0,12.0,136.0,88.0,295.0,312.0,7061.0,7593.0,262.0,223.0
13295,26319.0,27482.0,23764.0,25234.0,1320.0,1156.0,55.0,39.0,187.0,210.0,0.0,14.0,285.0,126.0,708.0,703.0,23614.0,25036.0,618.0,614.0
13297,36598.0,39507.0,27551.0,29239.0,6539.0,7820.0,89.0,36.0,487.0,573.0,30.0,5.0,697.0,699.0,1205.0,1135.0,26690.0,28469.0,1930.0,1863.0
13299,13399.0,13608.0,8569.0,9121.0,4027.0,3810.0,74.0,37.0,185.0,143.0,6.0,5.0,202.0,78.0,336.0,414.0,8461.0,9084.0,533.0,478.0
13301,1955.0,2173.0,852.0,886.0,1064.0,1225.0,0.0,0.0,0.0,17.0,0.0,0.0,0.0,0.0,39.0,45.0,821.0,886.0,52.0,5.0
13303,8064.0,7534.0,3591.0,3318.0,4125.0,4051.0,41.0,0.0,38.0,40.0,0.0,0.0,104.0,27.0,165.0,98.0,3537.0,3277.0,201.0,90.0
13305,11683.0,11410.0,8453.0,8672.0,2474.0,1981.0,16.0,7.0,27.0,139.0,0.0,0.0,369.0,270.0,344.0,341.0,8204.0,8538.0,789.0,501.0
13307,1129.0,891.0,493.0,523.0,605.0,305.0,0.0,0.0,0.0,0.0,0.0,0.0,0.0,0.0,31.0,63.0,464.0,448.0,51.0,92.0
13309,4211.0,2044.0,2157.0,1432.0,1919.0,583.0,10.0,0.0,0.0,0.0,0.0,0.0,50.0,28.0,75.0,1.0,2087.0,1370.0,155.0,90.0
13311,11169.0,11795.0,10217.0,10877.0,283.0,279.0,20.0,15.0,107.0,81.0,0.0,0.0,225.0,157.0,317.0,386.0,10142.0,10796.0,344.0,301.0
13313,38288.0,38779.0,27211.0,28357.0,1645.0,1288.0,484.0,647.0,469.0,662.0,0.0,11.0,5133.0,4535.0,3346.0,3279.0,22475.0,24446.0,13172.0,11784.0
13315,4413.0,2731.0,2467.0,1917.0,1740.0,769.0,4.0,0.0,0.0,0.0,1.0,0.0,52.0,22.0,149.0,23.0,2309.0,1914.0,227.0,19.0
13317,3553.0,4031.0,2022.0,2125.0,1334.0,1665.0,3.0,18.0,0.0,0.0,0.0,0.0,83.0,90.0,111.0,133.0,2022.0,2098.0,152.0,194.0
13319,3255.0,3637.0,1887.0,2025.0,1148.0,1421.0,0.0,1.0,1.0,0.0,0.0,0.0,154.0,66.0,65.0,124.0,1876.0,2025.0,133.0,122.0
13321,7493.0,8497.0,5371.0,5815.0,1708.0,2082.0,84.0,23.0,12.0,102.0,2.0,0.0,54.0,40.0,262.0,435.0,5371.0,5648.0,72.0,202.0
