GEOID,total_cvap_acs5_23,white_cvap_acs5_23,black_cvap_acs5_23,amin_cvap_acs5_23,asian_cvap_acs5_23,nhpi_cvap_acs5_23,other_cvap_acs5_23,two_or_more_races_cvap_acs5_23,non_hispanic_white_cvap_acs5_23,hispanic_cvap_acs5_23
13001,13138.0,9914.0,2418.0,41.0,87.0,0.0,248.0,430.0,9815.0,441.0
13003,5249.0,3799.0,1029.0,0.0,0.0,0.0,278.0,143.0,3573.0,554.0
13005,8028.0,6471.0,1095.0,7.0,0.0,0.0,132.0,323.0,6395.0,307.0
13007,2243.0,1221.0,805.0,0.0,152.0,0.0,0.0,65.0,1213.0,11.0
13009,34940.0,19381.0,14089.0,27.0,338.0,81.0,293.0,731.0,19121.0,788.0
13011,14183.0,12954.0,268.0,16.0,143.0,0.0,238.0,564.0,12933.0,450.0
13013,60983.0,45345.0,8404.0,183.0,2133.0,0.0,1635.0,3283.0,43800.0,5008.0
13015,82320.0,66531.0,9332.0,29.0,478.0,65.0,1823.0,4062.0,64612.0,5357.0
13017,12561.0,7577.0,4651.0,44.0,39.0,0.0,103.0,147.0,7338.0,400.0
13019,13770.0,11579.0,1480.0,0.0,26.0,6.0,163.0,516.0,11331.0,614.0
13021,115473.0,46447.0,61345.0,114.0,1769.0,102.0,1689.0,4007.0,45490.0,2908.0
13023,9859.0,6987.0,2468.0,21.0,44.0,0.0,141.0,198.0,6882.0,326.0
13025,13785.0,12839.0,391.0,0.0,27.0,0.0,135.0,393.0,12832.0,164.0
13027,12706.0,7677.0,4189.0,9.0,101.0,13.0,271.0,446.0,7387.0,634.0
13029,32358.0,23964.0,4478.0,68.0,674.0,17.0,1137.0,2020.0,23500.0,2249.0
13031,63345.0,42085.0,17452.0,155.0,695.0,30.0,466.0,2462.0,41632.0,1837.0
13033,18110.0,9442.0,8023.0,24.0,96.0,0.0,92.0,433.0,9241.0,357.0
13035,20551.0,13628.0,5796.0,13.0,0.0,0.0,171.0,943.0,13511.0,505.0
13037,4545.0,1589.0,2762.0,0.0,11.0,0.0,30.0,153.0,1583.0,84.0
13039,42271.0,30811.0,7717.0,73.0,575.0,50.0,509.0,2536.0,30055.0,2758.0
13043,7546.0,5221.0,1818.0,103.0,11.0,0.0,100.0,293.0,5166.0,293.0
13045,88713.0,66137.0,17998.0,145.0,571.0,0.0,1208.0,2654.0,64972.0,3243.0
13047,52577.0,47854.0,1342.0,22.0,708.0,37.0,516.0,2098.0,47481.0,1554.0
13049,10001.0,5649.0,2651.0,75.0,92.0,0.0,167.0,1367.0,5584.0,1315.0
13051,225600.0,117699.0,87088.0,436.0,4766.0,197.0,5182.0,10232.0,114356.0,11842.0
13053,7324.0,4392.0,1422.0,104.0,290.0,31.0,405.0,680.0,3978.0,1346.0
13055,19088.0,16002.0,2167.0,39.0,8.0,0.0,149.0,723.0,15960.0,350.0
13057,195554.0,163487.0,13382.0,419.0,3658.0,84.0,3489.0,11035.0,159987.0,13026.0
13059,100009.0,64051.0,25512.0,177.0,2897.0,0.0,1758.0,5614.0,62416.0,5807.0
13061,2292.0,967.0,1305.0,0.0,0.0,0.0,0.0,20.0,963.0,4.0
13063,198279.0,24244.0,147835.0,497.0,8098.0,194.0,6849.0,10562.0,20651.0,15268.0
13065,4713.0,3428.0,1038.0,80.0,5.0,0.0,4.0,158.0,3374.0,63.0
13067,533254.0,303815.0,152895.0,1419.0,21306.0,266.0,18244.0,35309.0,295374.0,43067.0
13069,30540.0,19656.0,9047.0,49.0,150.0,0.0,142.0,1496.0,19120.0,1726.0
13071,30613.0,20291.0,7574.0,174.0,240.0,0.0,1393.0,941.0,19825.0,2471.0
13073,115628.0,81055.0,21854.0,194.0,4300.0,5.0,3031.0,5189.0,78036.0,7013.0
13075,12681.0,8572.0,3552.0,12.0,0.0,0.0,142.0,403.0,8405.0,476.0
13077,110241.0,82007.0,19901.0,445.0,1582.0,0.0,1546.0,4760.0,79860.0,6271.0
13079,9591.0,7139.0,2142.0,21.0,0.0,0.0,136.0,153.0,7069.0,246.0
13081,15235.0,8366.0,6371.0,5.0,122.0,0.0,13.0,358.0,8070.0,447.0
13083,12920.0,12035.0,221.0,2.0,108.0,0.0,10.0,544.0,11988.0,323.0
13085,22466.0,20660.0,339.0,15.0,176.0,0.0,116.0,1160.0,20378.0,872.0
13087,21253.0,11443.0,8922.0,51.0,198.0,0.0,186.0,453.0,11340.0,525.0
13089,529399.0,179049.0,289762.0,2202.0,22381.0,210.0,9743.0,26052.0,173786.0,25276.0
13091,15887.0,10682.0,4903.0,42.0,3.0,0.0,38.0,219.0,10484.0,287.0
13093,8901.0,3978.0,4372.0,31.0,0.0,0.0,172.0,348.0,3970.0,216.0
13095,62677.0,16742.0,43682.0,87.0,400.0,0.0,574.0,1192.0,16489.0,1072.0
13097,102787.0,41288.0,51567.0,241.0,1678.0,18.0,2234.0,5761.0,38838.0,7059.0
13099,7957.0,3780.0,3959.0,6.0,31.0,0.0,7.0,174.0,3780.0,72.0
13101,2371.0,1772.0,152.0,3.0,0.0,0.0,140.0,304.0,1664.0,437.0
13103,48191.0,37890.0,7076.0,72.0,317.0,84.0,736.0,2016.0,37111.0,1856.0
13105,15109.0,10162.0,3827.0,138.0,163.0,0.0,106.0,713.0,10069.0,432.0
13107,16737.0,10444.0,5363.0,51.0,111.0,0.0,35.0,733.0,10402.0,215.0
13109,7614.0,4693.0,2178.0,17.0,67.0,0.0,63.0,596.0,4689.0,366.0
13111,21261.0,20049.0,155.0,38.0,79.0,0.0,178.0,762.0,19956.0,332.0
13113,87723.0,55637.0,22819.0,159.0,2344.0,119.0,2092.0,4553.0,54350.0,4816.0
13115,72573.0,56761.0,9852.0,181.0,814.0,98.0,1676.0,3191.0,55573.0,4359.0
13117,166018.0,128212.0,7312.0,292.0,16497.0,0.0,3178.0,10527.0,125058.0,11242.0
13119,17798.0,15563.0,1503.0,29.0,61.0,0.0,104.0,538.0,15391.0,414.0
13121,778195.0,337426.0,345448.0,1105.0,40072.0,268.0,15343.0,38533.0,325859.0,42544.0
13123,25333.0,23209.0,195.0,105.0,116.0,0.0,605.0,1103.0,22776.0,1745.0
13125,2287.0,2001.0,263.0,0.0,0.0,0.0,0.0,23.0,2001.0,14.0
13127,64987.0,44666.0,15918.0,160.0,602.0,64.0,1126.0,2451.0,43944.0,2501.0
13129,41896.0,36522.0,1836.0,242.0,427.0,90.0,923.0,1856.0,35239.0,3622.0
13131,18444.0,12179.0,5648.0,51.0,6.0,0.0,226.0,334.0,11828.0,720.0
13133,15914.0,10228.0,4577.0,0.0,180.0,0.0,374.0,555.0,10122.0,710.0
13135,593054.0,258362.0,186623.0,1766.0,67150.0,557.0,33254.0,45342.0,241982.0,80094.0
13137,34096.0,29448.0,1424.0,74.0,466.0,7.0,971.0,1706.0,28955.0,2459.0
13139,137251.0,106719.0,10953.0,190.0,2705.0,15.0,5555.0,11114.0,100415.0,19568.0
13141,7272.0,2070.0,5073.0,0.0,43.0,0.0,4.0,82.0,2070.0,4.0
13143,23269.0,21284.0,1030.0,10.0,121.0,0.0,120.0,704.0,21114.0,391.0
13145,27672.0,21273.0,4651.0,17.0,130.0,0.0,701.0,900.0,20950.0,1064.0
13147,20711.0,16088.0,3456.0,28.0,191.0,0.0,134.0,814.0,15975.0,424.0
13149,8870.0,7705.0,722.0,4.0,47.0,2.0,27.0,363.0,7639.0,156.0
13151,177487.0,70305.0,89155.0,247.0,5144.0,41.0,2577.0,10018.0,67077.0,10414.0
13153,119956.0,70055.0,38403.0,254.0,3200.0,257.0,955.0,6832.0,68143.0,5684.0
13155,7178.0,5108.0,1709.0,0.0,12.0,0.0,223.0,126.0,5001.0,344.0
13157,58694.0,48754.0,4615.0,82.0,1087.0,10.0,1204.0,2942.0,47433.0,4045.0
13159,11468.0,8810.0,2088.0,2.0,6.0,0.0,214.0,348.0,8810.0,226.0
13161,10292.0,8002.0,1500.0,15.0,17.0,56.0,58.0,644.0,7933.0,519.0
13163,11651.0,5205.0,6065.0,4.0,42.0,0.0,163.0,172.0,5162.0,211.0
13165,6977.0,4081.0,2621.0,2.0,2.0,0.0,10.0,261.0,4073.0,196.0
13167,7480.0,4773.0,2460.0,0.0,0.0,0.0,12.0,235.0,4735.0,107.0
13169,21842.0,15517.0,5748.0,12.0,57.0,0.0,169.0,339.0,15370.0,299.0
13171,14824.0,10036.0,4180.0,6.0,56.0,0.0,18.0,528.0,9988.0,128.0
13173,7551.0,5238.0,1821.0,0.0,0.0,0.0,208.0,284.0,5196.0,412.0
13175,36644.0,22340.0,13286.0,32.0,346.0,0.0,342.0,298.0,22142.0,508.0
13177,24176.0,16996.0,5528.0,0.0,464.0,37.0,212.0,939.0,16902.0,647.0
13179,46595.0,19429.0,20613.0,147.0,666.0,44.0,1542.0,4154.0,18547.0,4974.0
13181,6146.0,4356.0,1641.0,0.0,8.0,0.0,23.0,118.0,4333.0,51.0
13183,12362.0,7303.0,3258.0,18.0,23.0,34.0,802.0,924.0,7108.0,1236.0
13185,87799.0,49408.0,31852.0,262.0,1291.0,139.0,1211.0,3636.0,48065.0,4272.0
13187,27603.0,25402.0,437.0,109.0,241.0,19.0,316.0,1079.0,25182.0,1089.0
13189,16096.0,9311.0,6183.0,0.0,83.0,0.0,146.0,373.0,9125.0,402.0
13191,9480.0,6110.0,2879.0,15.0,14.0,0.0,0.0,462.0,6056.0,252.0
13193,9445.0,3370.0,5780.0,21.0,83.0,0.0,33.0,158.0,3287.0,107.0
13195,23136.0,19341.0,2083.0,45.0,308.0,0.0,415.0,944.0,19183.0,773.0
13197,5610.0,3562.0,1704.0,25.0,0.0,0.0,78.0,241.0,3539.0,104.0
13199,16247.0,9710.0,5966.0,16.0,56.0,10.0,71.0,418.0,9601.0,321.0
13201,4435.0,3095.0,1142.0,33.0,17.0,9.0,10.0,129.0,3095.0,67.0
13205,16279.0,8015.0,7721.0,38.0,4.0,0.0,363.0,138.0,7927.0,441.0
13207,22694.0,16789.0,5082.0,74.0,144.0,0.0,101.0,504.0,16598.0,476.0
13209,6731.0,4674.0,1653.0,14.0,29.0,0.0,134.0,227.0,4574.0,283.0
13211,15747.0,11952.0,3232.0,0.0,22.0,0.0,69.0,472.0,11904.0,350.0
13213,29296.0,26696.0,234.0,45.0,81.0,131.0,684.0,1425.0,25476.0,2739.0
13215,149402.0,63445.0,70921.0,197.0,2833.0,237.0,3672.0,8097.0,60948.0,9233.0
13217,82578.0,37242.0,39566.0,89.0,672.0,0.0,951.0,4058.0,36762.0,2886.0
13219,30511.0,26566.0,1140.0,110.0,913.0,71.0,309.0,1402.0,26328.0,1123.0
13221,11617.0,9136.0,1838.0,20.0,57.0,10.0,116.0,440.0,8989.0,343.0
13223,124245.0,86465.0,27692.0,237.0,905.0,80.0,1864.0,7002.0,84180.0,7088.0
13225,21458.0,10522.0,9753.0,97.0,74.0,49.0,202.0,761.0,10165.0,1064.0
13227,27170.0,25864.0,130.0,12.0,53.0,22.0,100.0,989.0,25596.0,581.0
13229,14799.0,12880.0,1424.0,50.0,0.0,0.0,0.0,445.0,12681.0,372.0
13231,14819.0,13108.0,1371.0,5.0,78.0,0.0,90.0,167.0,12906.0,245.0
13233,30317.0,24568.0,3696.0,11.0,110.0,0.0,628.0,1304.0,24030.0,1809.0
13235,7836.0,4886.0,2580.0,7.0,59.0,0.0,13.0,291.0,4862.0,219.0
13237,17640.0,12497.0,4266.0,0.0,135.0,31.0,70.0,641.0,12320.0,573.0
13239,1885.0,895.0,954.0,0.0,0.0,0.0,0.0,36.0,889.0,20.0
13241,13762.0,12767.0,153.0,6.0,2.0,0.0,262.0,572.0,12726.0,654.0
13243,4586.0,1373.0,3098.0,0.0,0.0,0.0,39.0,76.0,1364.0,69.0
13245,155381.0,56345.0,86430.0,201.0,2159.0,166.0,3078.0,7002.0,54232.0,7020.0
13247,67751.0,21315.0,40048.0,173.0,818.0,0.0,1752.0,3645.0,20459.0,3588.0
13249,3449.0,2674.0,621.0,0.0,0.0,0.0,17.0,137.0,2656.0,92.0
13251,11082.0,6340.0,4339.0,3.0,0.0,0.0,0.0,400.0,6293.0,192.0
13253,7233.0,4800.0,2327.0,7.0,16.0,0.0,2.0,81.0,4690.0,147.0
13255,51198.0,30943.0,17548.0,72.0,234.0,14.0,518.0,1869.0,30228.0,1931.0
13257,20561.0,17388.0,2282.0,28.0,209.0,0.0,117.0,537.0,17310.0,303.0
13259,3780.0,1168.0,2480.0,18.0,0.0,0.0,0.0,114.0,1090.0,87.0
13261,21986.0,9734.0,10887.0,51.0,237.0,48.0,120.0,909.0,9448.0,687.0
13263,4814.0,2058.0,2563.0,2.0,0.0,0.0,35.0,156.0,2045.0,48.0
13265,1388.0,566.0,696.0,0.0,1.0,4.0,48.0,73.0,558.0,9.0
13267,18390.0,11445.0,5526.0,49.0,16.0,0.0,624.0,730.0,11309.0,861.0
13269,6146.0,3715.0,2341.0,6.0,26.0,0.0,5.0,53.0,3701.0,22.0
13271,8910.0,4970.0,3660.0,2.0,19.0,0.0,4.0,255.0,4824.0,437.0
13273,6849.0,2728.0,3966.0,0.0,37.0,1.0,64.0,53.0,2728.0,90.0
13275,34354.0,20977.0,11987.0,108.0,256.0,0.0,204.0,822.0,20645.0,829.0
13277,29284.0,18276.0,8847.0,152.0,125.0,1.0,546.0,1337.0,17719.0,1893.0
13279,18643.0,12624.0,4396.0,105.0,70.0,0.0,323.0,1125.0,12166.0,1070.0
13281,11009.0,10341.0,213.0,32.0,5.0,5.0,34.0,379.0,10282.0,273.0
13283,4853.0,3232.0,1391.0,5.0,0.0,0.0,0.0,225.0,3209.0,37.0
13285,50970.0,30382.0,18241.0,64.0,734.0,5.0,465.0,1079.0,29876.0,1036.0
13287,6508.0,3869.0,2308.0,13.0,0.0,0.0,151.0,167.0,3822.0,185.0
13289,6324.0,3602.0,2476.0,27.0,21.0,0.0,41.0,157.0,3573.0,29.0
13291,21306.0,20309.0,224.0,15.0,28.0,0.0,77.0,653.0,20175.0,402.0
13293,21137.0,14775.0,5648.0,16.0,87.0,18.0,46.0,547.0,14624.0,222.0
13295,53361.0,48915.0,2476.0,91.0,192.0,14.0,273.0,1400.0,48567.0,1083.0
13297,74023.0,56081.0,13911.0,82.0,808.0,33.0,839.0,2269.0,54755.0,2818.0
13299,26397.0,17627.0,7800.0,89.0,151.0,11.0,192.0,527.0,17482.0,678.0
13301,4122.0,1736.0,2289.0,0.0,13.0,0.0,0.0,84.0,1705.0,57.0
13303,15462.0,6876.0,8152.0,38.0,68.0,0.0,65.0,263.0,6814.0,189.0
13305,22615.0,16968.0,4408.0,23.0,48.0,0.0,525.0,643.0,16702.0,978.0
13307,1915.0,950.0,910.0,0.0,0.0,0.0,0.0,55.0,912.0,38.0
13309,6228.0,3574.0,2502.0,9.0,0.0,0.0,68.0,75.0,3450.0,225.0
13311,22813.0,21030.0,562.0,35.0,180.0,0.0,372.0,634.0,20921.0,519.0
13313,66575.0,52012.0,2890.0,575.0,654.0,11.0,5782.0,4651.0,46800.0,15105.0
13315,6943.0,4218.0,2503.0,4.0,0.0,1.0,54.0,163.0,4206.0,72.0
13317,7393.0,4123.0,2999.0,21.0,0.0,0.0,42.0,208.0,4096.0,179.0
13319,6787.0,3906.0,2564.0,1.0,1.0,0.0,137.0,178.0,3895.0,172.0
13321,15914.0,11148.0,3790.0,98.0,99.0,2.0,80.0,697.0,11019.0,213.0
